<?xml version="1.0" encoding="UTF-8" standalone="yes"?>
<addon id="plugin.program.cyborg" name="Cyborg Team Wizard" version="0.1.7a" provider-name="Team Cyborg">
  <requires>
    <import addon="xbmc.python" version="2.1.0"/>
  </requires>
  <extension point="xbmc.python.pluginsource" library="default.py">
    <provides>executable</provides>
  </extension>
  <extension point="xbmc.service" library="startup.py" start="startup" />
  <extension point="xbmc.addon.metadata">
    <summary lang="en">Cyborg Team Wizard</summary>
    <description lang="en">Cyborg Wizard allows you to get access to the latest Team Cyborg Custom Builds.</description>
    <platform>all</platform>
  </extension>
</addon>