<dir>
        
        <name>[COLORyellow]Prometheus[/COLOR]</name>
        <link>http://lookingglass.rocks/rhmkodi/main.xml</link>
        <animated_thumbnail></animated_thumbnail>
        <thumbnail>https://archive.org/download/NewReleases_201801/proicon.png</thumbnail>
        <fanart>https://archive.org/download/NewReleases_201801/profanart.jpg</fanart>
</dir>

<dir>

        <name>[COLORred]Vendetta[/COLOR]</name>
        <link>http://lookingglass.rocks/rhmkodi/vendetta/main.xml</link>
        <thumbnail>https://archive.org/download/NewReleases_201801/vendeaicon.png</thumbnail>
        <animated_fanart></animated_fanart>
        <fanart>https://archive.org/download/NewReleases_201801/vendettafanart.jpg</fanart>

</dir>

<dir>
      <title>[COLORblue]War Movies[/COLOR]</title>
      <trakt>https://api.trakt.tv/users/echang/lists/war/items</trakt>
	  <thumbnail>https://archive.org/download/NewReleases_201801/war.png</thumbnail>
	  <fanart>https://archive.org/download/NewReleases_201801/warfanart.jpg</fanart>
</dir>

<dir>
      <title>[COLORpurple]Urban[/COLOR]</title>
      <trakt>https://api.trakt.tv/users/ondrisel/lists/urban-movies/items</trakt>
	  <thumbnail>https://archive.org/download/NewReleases_201801/urbanicon.png</thumbnail>
	  <fanart>https://archive.org/download/NewReleases_201801/urbanfanart.jpg</fanart>
</dir>

<dir>
      <title>[COLORorange]Documentaries[/COLOR]</title>
      <trakt>https://api.trakt.tv/users/movistapp/lists/documentary/items</trakt>
	  <thumbnail>https://archive.org/download/NewReleases_201801/Documentaryicon.png</thumbnail>
	  <fanart>https://archive.org/download/NewReleases_201801/docufanart.jpg</fanart>
</dir>

<dir>

        <name>[COLORred]Fitness[/COLOR]</name>
        <link>http://lookingglass.rocks/rhmkodi/xmls/fitness.xml</link>
        <thumbnail>https://archive.org/download/NewReleases_201801/fintnessicon.png</thumbnail>
        <animated_fanart></animated_fanart>
        <fanart>https://archive.org/download/NewReleases_201801/fitnessfanart.jpg</fanart>

</dir>

<dir>

        <name>[COLORlimegreen]UFC-MMA Replays[/COLOR]</name>
        <link>http://lookingglass.rocks/rhmkodi/xmls/ufc.xml</link>
        <thumbnail>http://lookingglass.rocks/rhmkodi/icons/ufc.png</thumbnail>
        <animated_fanart></animated_fanart>
        <fanart>http://lookingglass.rocks/rhmkodi/icons/artsfon.com-95038.jpg</fanart>

</dir>

<dir>

        <name>[COLORviolet]Kung Fu Movies[/COLOR]</name>
        <link>http://lookingglass.rocks/rhmkodi/xmls/kungfu.xml</link>
        <thumbnail>http://lookingglass.rocks/rhmkodi/icons/kficon.png</thumbnail>
        <animated_fanart></animated_fanart>
        <fanart>http://lookingglass.rocks/rhmkodi/icons/brucelee.jpg</fanart>

</dir>





