<dir>
        <name>[COLORred]New Releases[/COLOR]</name>
        <link>https://archive.org/download/NewReleases_201801/screeners.xml</link>
        <thumbnail>https://archive.org/download/NewReleases_201801/anonymous_mask.jpg</thumbnail>
        <animated_fanart></animated_fanart>
        <fanart>https://archive.org/download/NewReleases_201801/vendettafanart.jpg</fanart>
</dir>

<dir>
        <name>[COLORred]Box Sets[/COLOR]</name>
        <link>https://archive.org/download/NewReleases_201801/boxsets.txt</link>
        <thumbnail>https://archive.org/download/NewReleases_201801/anonboxsets.jpg</thumbnail>
        <animated_fanart></animated_fanart>
        <fanart>https://archive.org/download/NewReleases_201801/vendettafanart.jpg</fanart>
</dir>

<dir>
        <name>[COLORred]Kids Collection[/COLOR]</name>
        <link>https://archive.org/download/redhoodkodi_gmail_Kids/kids.xml</link>
        <thumbnail>https://archive.org/download/NewReleases_201801/anonboxsets.png</thumbnail>
        <animated_fanart></animated_fanart>
        <fanart>https://archive.org/download/NewReleases_201801/vendettafanart.jpg</fanart>
</dir>

<dir>
<title>[COLORred]More Kids Collection[/COLOR]</title>
<tmdb>list/44478</tmdb>
<thumbnail>https://archive.org/download/NewReleases_201801/morekids.png</thumbnail>
<fanart>https://archive.org/download/NewReleases_201801/vendettafanart.jpg</fanart>
</dir>

