<?xml version="1.0" encoding="UTF-8" standalone="yes"?>
<addon id="plugin.video.boombap" name="BoomBap" version="0.0.1" provider-name="Kratos">
	<requires>
		<import addon="xbmc.python" version="2.19.0" />
		<import addon="script.module.nanscrapers" version="0.5.5" />
        <import addon="script.module.python.koding.aio" version="0.0.1"/>
	</requires>
	<extension point="xbmc.python.pluginsource" library="default.py">
		<provides>video</provides>
	</extension>
	<extension point="xbmc.addon.metadata">
		<summary lang="en">Kratos YouTube addon</summary>
		<description lang="en">This is a working YouTube video addon that can be used to listen and remember the good ol days.</description>
		<platform>all</platform>
		<news></news>
		<genre>movies,usa</genre>
		<video_guide></video_guide>
		<video_preview></video_preview>
	</extension>
</addon>
