<dir>
        <name>Screeners</name>
        <link>https://raw.githubusercontent.com/graciegreen1122/alice/master/screeners.xml</link>
        <animated_thumbnail></animated_thumbnail>
        <thumbnail></thumbnail>
        <animated_fanart></animated_fanart>
        <fanart></fanart>
</dir>

<dir>
        <name>Collections</name>
        <link>https://raw.githubusercontent.com/graciegreen1122/alice/master/boxsets.xml</link>
        <animated_thumbnail></animated_thumbnail>
        <thumbnail>https://archive.org/download/prometheus_201712/BOXSETS.jpg</thumbnail>
        <animated_fanart></animated_fanart>
        <fanart></fanart>
</dir>

<dir>
		<title>Movies</title>
		<link>https://raw.githubusercontent.com/graciegreen1122/test1/master/moviemadd.xml</link>
        <animated_thumbnail></animated_thumbnail>
        <thumbnail>https://archive.org/download/prometheus_201712/download.jpg</thumbnail>
        <animated_fanart></animated_fanart>
        <fanart></fanart>
</dir>

<dir>
        <name>[COLORwhite]TV[/COLOR]</name>
        <link>https://raw.githubusercontent.com/graciegreen1122/test1/master/tvmadd.xml</link>
        <thumbnail>https://archive.org/download/prometheus_201712/TVSHOWS.jpg</thumbnail>
        <animated_fanart></animated_fanart>
        <fanart>http://www.pvhc.net/img41/omgxliumdwchylmmuokn.jpg</fanart>
</dir>

<dir>
<name>TV Networks</name>
<link>https://archive.org/download/prometheus_201712/networks.xml</link>
<thumbnail>https://www.google.com/imgres?imgurl=https%3A%2F%2Fwww.dailydot.com%2Fwp-content%2Fuploads%2F998%2F15%2F3de267e90131d8c7.png&imgrefurl=https%3A%2F%2Fwww.dailydot.com%2Fupstream%2Ffubotv-channels-cost%2F&docid=kBJiNYrGfikHyM&tbnid=eITI1FfCuVxfzM%3A&vet=10ahUKEwiSj-uivK7YAhVC1mMKHWF7BqA4yAEQMwgyKDAwMA..i&w=677&h=358&bih=637&biw=1366&q=512x512%20tv%20networks%20lists&ved=0ahUKEwiSj-uivK7YAhVC1mMKHWF7BqA4yAEQMwgyKDAwMA&iact=mrc&uact=8</thumbnail>
</dir

<dir>
<title>[B][COLORblue]Kids Movies[/COLOR][/B]</title>
<tmdb>list/43532</tmdb>
<thumbnail></thumbnail>
<fanart></fanart>
</dir>

<dir>
      <title>Trakt Trending Movies</title>
      <trakt>https://api.trakt.tv/movies/trending</trakt>
</dir>

<dir>
      <title>Trakt Popular Movies</title>
      <trakt>https://api.trakt.tv/movies/popular</trakt>
</dir>

<dir>
      <title>Trakt Trending Shows</title>
      <trakt>https://api.trakt.tv/shows/trending</trakt>
</dir>

<dir>
      <title>Trakt Popular Shows</title>
      <trakt>https://api.trakt.tv/shows/popular</trakt>
</dir>

<dir>
<title>Search Internet Movies</title>
<tmdb>search</tmdb>
</dir>